Filename,Dy-CSRPO-ABEl.csv-NoR,Dy-ABlkDFSCSRPO-ABEl.csv-NoR,Dy-ABlkBFSCSRPO-ABEl.csv-NoR,Dy-ABlkCSRPO-ABEl.csv-NoR,Dy-CSRPO-ABEl-FC.csv-NoR,Dy-ABlkDFSCSRPO-ABEl-FC.csv-NoR,Dy-ABlkBFSCSRPO-ABEl-FC.csv-NoR,Dy-ABlkCSRPO-ABEl-FC.csv-NoR,Dy-CSRPO-ABEl-FCm.csv-NoR,Dy-ABlkDFSCSRPO-ABEl-FCm.csv-NoR,Dy-ABlkBFSCSRPO-ABEl-FCm.csv-NoR,Dy-ABlkCSRPO-ABEl-FCm.csv-NoR,Dy-CSRPO-lf.csv-NoR,Dy-ABlkDFSCSRPO-lf.csv-NoR,Dy-ABlkBFSCSRPO-lf.csv-NoR,Dy-ABlkCSRPO-lf.csv-NoR,Dy-CSRPO-lf-FC.csv-NoR,Dy-ABlkDFSCSRPO-lf-FC.csv-NoR,Dy-ABlkBFSCSRPO-lf-FC.csv-NoR,Dy-ABlkCSRPO-lf-FC.csv-NoR,Dy-CSRPO-lf-FCm.csv-NoR,Dy-ABlkDFSCSRPO-lf-FCm.csv-NoR,Dy-ABlkBFSCSRPO-lf-FCm.csv-NoR,Dy-ABlkCSRPO-lf-FCm.csv-NoR,Dy-CSRPO-PredAbs-ABEl.csv-NoR,Dy-ABlkDFSCSRPO-PredAbs-ABEl.csv-NoR,Dy-ABlkBFSCSRPO-PredAbs-ABEl.csv-NoR,Dy-ABlkCSRPO-PredAbs-ABEl.csv-NoR,Dy-CSRPO-PredAbs-ABElf.csv-NoR,Dy-ABlkDFSCSRPO-PredAbs-ABElf.csv-NoR,Dy-ABlkBFSCSRPO-PredAbs-ABElf.csv-NoR,Dy-ABlkCSRPO-PredAbs-ABElf.csv-NoR
git/pacc_cpachecker/DyResults/Summary/s3_clnt.blast.04_true-unreach-call.i.cil.c.csv,16.0,16.0,16.0,16.0,15.0,15.0,15.0,15.0,15.0,15.0,15.0,15.0,25.0,25.0,25.0,25.0,15.0,15.0,15.0,15.0,15.0,15.0,15.0,15.0,6.0,6.0,6.0,6.0,5.0,5.0,5.0,5.0
git/pacc_cpachecker/DyResults/Summary/s3_srvr.blast.14_false-unreach-call.i.cil.c.csv,5.0,5.0,5.0,5.0,5.0,5.0,5.0,5.0,5.0,5.0,5.0,5.0,5.0,5.0,5.0,5.0,5.0,5.0,5.0,5.0,5.0,5.0,5.0,5.0,4.0,4.0,4.0,4.0,4.0,4.0,4.0,4.0
git/pacc_cpachecker/DyResults/Summary/s3_srvr.blast.04_false-unreach-call.i.cil.c.csv,3.0,3.0,3.0,3.0,3.0,3.0,3.0,3.0,3.0,3.0,3.0,3.0,3.0,3.0,3.0,3.0,3.0,3.0,3.0,3.0,3.0,3.0,3.0,3.0,2.0,2.0,2.0,2.0,2.0,2.0,2.0,2.0
git/pacc_cpachecker/DyResults/Summary/s3_srvr.blast.13_false-unreach-call.i.cil.c.csv,5.0,5.0,5.0,5.0,5.0,5.0,5.0,5.0,5.0,5.0,5.0,5.0,5.0,5.0,5.0,5.0,5.0,5.0,5.0,5.0,5.0,5.0,5.0,5.0,3.0,3.0,3.0,3.0,4.0,4.0,4.0,4.0
git/pacc_cpachecker/DyResults/Summary/s3_srvr.blast.07_false-unreach-call.i.cil.c.csv,5.0,5.0,5.0,5.0,5.0,5.0,5.0,5.0,5.0,5.0,5.0,5.0,5.0,5.0,5.0,5.0,5.0,5.0,5.0,5.0,5.0,5.0,5.0,5.0,4.0,4.0,4.0,4.0,5.0,5.0,5.0,5.0
git/pacc_cpachecker/DyResults/Summary/s3_srvr.blast.15_true-unreach-call.i.cil.c.csv,16.0,16.0,16.0,16.0,21.0,21.0,21.0,21.0,20.0,20.0,20.0,20.0,22.0,22.0,22.0,22.0,20.0,20.0,20.0,20.0,20.0,20.0,20.0,20.0,4.0,4.0,4.0,4.0,4.0,4.0,4.0,4.0
git/pacc_cpachecker/DyResults/Summary/s3_srvr.blast.09_true-unreach-call.i.cil.c.csv,18.0,18.0,18.0,18.0,10.0,10.0,10.0,10.0,17.0,17.0,17.0,17.0,16.0,16.0,16.0,16.0,15.0,15.0,15.0,15.0,16.0,16.0,16.0,16.0,8.0,8.0,8.0,8.0,7.0,7.0,7.0,7.0
git/pacc_cpachecker/DyResults/Summary/s3_clnt.blast.01_true-unreach-call.i.cil.c.csv,17.0,17.0,17.0,17.0,15.0,15.0,15.0,15.0,15.0,15.0,15.0,15.0,18.0,18.0,18.0,18.0,15.0,15.0,15.0,15.0,15.0,15.0,15.0,15.0,6.0,6.0,6.0,6.0,6.0,6.0,6.0,6.0
git/pacc_cpachecker/DyResults/Summary/s3_srvr.blast.11_false-unreach-call.i.cil.c.csv,4.0,4.0,4.0,4.0,4.0,4.0,4.0,4.0,4.0,4.0,4.0,4.0,4.0,4.0,4.0,4.0,4.0,4.0,4.0,4.0,4.0,4.0,4.0,4.0,3.0,3.0,3.0,3.0,3.0,3.0,3.0,3.0
git/pacc_cpachecker/DyResults/Summary/s3_clnt.blast.01_false-unreach-call.i.cil.c.csv,6.0,6.0,6.0,6.0,6.0,6.0,6.0,6.0,6.0,6.0,6.0,6.0,6.0,6.0,6.0,6.0,6.0,6.0,6.0,6.0,6.0,6.0,6.0,6.0,5.0,5.0,5.0,5.0,5.0,5.0,5.0,5.0
git/pacc_cpachecker/DyResults/Summary/s3_srvr.blast.12_false-unreach-call.i.cil.c.csv,5.0,5.0,5.0,5.0,5.0,5.0,5.0,5.0,5.0,5.0,5.0,5.0,5.0,5.0,5.0,5.0,5.0,5.0,5.0,5.0,5.0,5.0,5.0,5.0,4.0,4.0,4.0,4.0,3.0,3.0,3.0,3.0
git/pacc_cpachecker/DyResults/Summary/s3_srvr.blast.02_false-unreach-call.i.cil.c.csv,3.0,3.0,3.0,3.0,3.0,3.0,3.0,3.0,3.0,3.0,3.0,3.0,3.0,3.0,3.0,3.0,3.0,3.0,3.0,3.0,3.0,3.0,3.0,3.0,2.0,2.0,2.0,2.0,2.0,2.0,2.0,2.0
git/pacc_cpachecker/DyResults/Summary/s3_srvr.blast.02_true-unreach-call.i.cil.c.csv,20.0,20.0,20.0,20.0,18.0,18.0,18.0,18.0,19.0,19.0,19.0,19.0,19.0,19.0,19.0,19.0,18.0,18.0,18.0,18.0,19.0,19.0,19.0,19.0,6.0,6.0,6.0,6.0,5.0,5.0,5.0,5.0
git/pacc_cpachecker/DyResults/Summary/s3_srvr.blast.06_true-unreach-call.i.cil.c.csv,22.0,22.0,22.0,22.0,24.0,24.0,24.0,24.0,21.0,21.0,21.0,21.0,25.0,25.0,25.0,25.0,15.0,15.0,15.0,15.0,16.0,16.0,16.0,16.0,5.0,5.0,5.0,5.0,5.0,5.0,5.0,5.0
git/pacc_cpachecker/DyResults/Summary/s3_srvr.blast.01_false-unreach-call.i.cil.c.csv,3.0,3.0,3.0,3.0,3.0,3.0,3.0,3.0,3.0,3.0,3.0,3.0,3.0,3.0,3.0,3.0,3.0,3.0,3.0,3.0,3.0,3.0,3.0,3.0,3.0,3.0,3.0,3.0,3.0,3.0,3.0,3.0
git/pacc_cpachecker/DyResults/Summary/parport_false-unreach-call.i.cil.c.csv,nan,nan,nan,nan,nan,nan,nan,nan,nan,nan,nan,nan,118.0,5.0,13.0,6.0,5.0,2.0,13.0,6.0,5.0,2.0,13.0,6.0,nan,nan,nan,nan,19.0,4.0,12.0,2.0
git/pacc_cpachecker/DyResults/Summary/s3_srvr.blast.08_false-unreach-call.i.cil.c.csv,9.0,9.0,9.0,9.0,9.0,9.0,9.0,9.0,9.0,9.0,9.0,9.0,9.0,9.0,9.0,9.0,9.0,9.0,9.0,9.0,9.0,9.0,9.0,9.0,5.0,5.0,5.0,5.0,6.0,6.0,6.0,6.0
git/pacc_cpachecker/DyResults/Summary/s3_srvr.blast.08_true-unreach-call.i.cil.c.csv,20.0,20.0,20.0,20.0,19.0,19.0,19.0,19.0,18.0,18.0,18.0,18.0,19.0,19.0,19.0,19.0,18.0,18.0,18.0,18.0,18.0,18.0,18.0,18.0,4.0,4.0,4.0,4.0,7.0,7.0,7.0,7.0
git/pacc_cpachecker/DyResults/Summary/s3_srvr.blast.06_false-unreach-call.i.cil.c.csv,5.0,5.0,5.0,5.0,5.0,5.0,5.0,5.0,5.0,5.0,5.0,5.0,5.0,5.0,5.0,5.0,5.0,5.0,5.0,5.0,5.0,5.0,5.0,5.0,4.0,4.0,4.0,4.0,4.0,4.0,4.0,4.0
git/pacc_cpachecker/DyResults/Summary/s3_clnt.blast.03_true-unreach-call.i.cil.c.csv,19.0,19.0,19.0,19.0,15.0,15.0,15.0,15.0,15.0,15.0,15.0,15.0,23.0,23.0,23.0,23.0,15.0,15.0,15.0,15.0,15.0,15.0,15.0,15.0,5.0,5.0,5.0,5.0,6.0,6.0,6.0,6.0
git/pacc_cpachecker/DyResults/Summary/s3_srvr.blast.11_true-unreach-call.i.cil.c.csv,18.0,18.0,18.0,18.0,17.0,17.0,17.0,17.0,16.0,16.0,16.0,16.0,15.0,15.0,15.0,15.0,15.0,15.0,15.0,15.0,15.0,15.0,15.0,15.0,4.0,4.0,4.0,4.0,8.0,8.0,8.0,8.0
git/pacc_cpachecker/DyResults/Summary/diskperf_false-unreach-call.i.cil.c.csv,2.0,0.0,0.0,0.0,1.0,0.0,0.0,0.0,1.0,0.0,0.0,0.0,1183.0,38.0,38.0,1396.0,211.0,36.0,38.0,222.0,221.0,36.0,38.0,297.0,1.0,0.0,0.0,0.0,235.0,37.0,69.0,149.0
git/pacc_cpachecker/DyResults/Summary/parport_true-unreach-call.i.cil.c.csv,nan,nan,nan,nan,nan,nan,nan,nan,nan,nan,nan,nan,118.0,34.0,17.0,6.0,5.0,21.0,17.0,6.0,5.0,21.0,17.0,6.0,nan,nan,nan,nan,19.0,137.0,18.0,2.0
git/pacc_cpachecker/DyResults/Summary/floppy_true-unreach-call.i.cil.c.csv,373.2,243.4,238.8,237.5,125.0,122.0,122.0,122.0,127.0,123.0,123.0,122.0,1022.3,656.6,723.4,1208.3,335.2,218.8,207.0,214.1,369.0,239.4,225.4,226.1,262.0,58.0,177.0,190.0,1251.0,1608.7,2065.0,512.0
git/pacc_cpachecker/DyResults/Summary/s3_srvr.blast.13_true-unreach-call.i.cil.c.csv,13.0,13.0,13.0,13.0,17.0,17.0,17.0,17.0,14.5,14.9,14.6,14.4,17.0,17.0,17.0,17.0,15.4,15.7,15.3,15.2,16.0,16.0,16.0,16.0,5.0,5.0,5.0,5.0,6.0,6.0,6.0,6.0
git/pacc_cpachecker/DyResults/Summary/kbfiltr_false-unreach-call.i.cil.c.csv,0.0,0.0,0.0,0.0,0.0,0.0,0.0,0.0,0.0,0.0,0.0,0.0,54.0,48.0,66.0,62.0,49.0,42.0,58.0,54.0,49.0,42.0,58.0,54.0,0.0,0.0,0.0,0.0,90.0,35.0,91.0,56.0
git/pacc_cpachecker/DyResults/Summary/s3_clnt.blast.02_false-unreach-call.i.cil.c.csv,5.0,5.0,5.0,5.0,5.0,5.0,5.0,5.0,5.0,5.0,5.0,5.0,5.0,5.0,5.0,5.0,5.0,5.0,5.0,5.0,5.0,5.0,5.0,5.0,3.0,3.0,3.0,3.0,3.0,3.0,3.0,3.0
git/pacc_cpachecker/DyResults/Summary/cdaudio_true-unreach-call.i.cil.c.csv,25.0,16.0,16.0,16.0,16.0,16.0,16.0,16.0,16.0,16.0,16.0,16.0,470.0,494.0,445.0,459.0,181.0,190.0,197.0,192.0,202.0,199.0,203.0,204.0,6.0,6.0,6.0,6.0,1928.0,335.0,784.0,1042.0
git/pacc_cpachecker/DyResults/Summary/diskperf_true-unreach-call.i.cil.c.csv,5.0,4.0,4.0,4.0,2.0,2.0,2.0,2.0,2.0,2.0,2.0,2.0,2148.0,1855.0,1359.0,2127.0,246.0,319.0,167.0,252.0,267.0,327.0,167.0,344.0,2.0,2.0,2.0,2.0,452.0,170.0,217.0,200.0
git/pacc_cpachecker/DyResults/Summary/s3_srvr.blast.10_false-unreach-call.i.cil.c.csv,9.0,9.0,9.0,9.0,9.0,9.0,9.0,9.0,9.0,9.0,9.0,9.0,9.0,9.0,9.0,9.0,9.0,9.0,9.0,9.0,9.0,9.0,9.0,9.0,5.0,5.0,5.0,5.0,6.0,6.0,6.0,6.0
git/pacc_cpachecker/DyResults/Summary/s3_srvr.blast.09_false-unreach-call.i.cil.c.csv,5.0,5.0,5.0,5.0,5.0,5.0,5.0,5.0,5.0,5.0,5.0,5.0,5.0,5.0,5.0,5.0,5.0,5.0,5.0,5.0,5.0,5.0,5.0,5.0,4.0,4.0,4.0,4.0,4.0,4.0,4.0,4.0
git/pacc_cpachecker/DyResults/Summary/s3_srvr.blast.14_true-unreach-call.i.cil.c.csv,21.0,21.0,21.0,21.0,19.0,19.0,19.0,19.0,20.0,20.0,20.0,20.0,19.0,19.0,19.0,19.0,20.0,20.0,20.0,20.0,14.0,14.0,14.0,14.0,5.0,5.0,5.0,5.0,6.0,6.0,6.0,6.0
git/pacc_cpachecker/DyResults/Summary/floppy_false-unreach-call.i.cil.c.csv,268.2,0.0,0.0,0.0,103.0,0.0,0.0,0.0,105.0,0.0,0.0,0.0,516.0,12.0,45.0,434.0,198.0,12.0,45.0,144.0,205.0,12.0,45.0,144.0,222.0,0.0,0.0,0.0,576.0,9.0,175.0,167.0
git/pacc_cpachecker/DyResults/Summary/s3_clnt.blast.03_false-unreach-call.i.cil.c.csv,5.0,5.0,5.0,5.0,5.0,5.0,5.0,5.0,5.0,5.0,5.0,5.0,5.0,5.0,5.0,5.0,5.0,5.0,5.0,5.0,5.0,5.0,5.0,5.0,3.0,3.0,3.0,3.0,3.0,3.0,3.0,3.0
git/pacc_cpachecker/DyResults/Summary/s3_srvr.blast.10_true-unreach-call.i.cil.c.csv,20.0,20.0,20.0,20.0,13.0,13.0,13.0,13.0,19.0,19.0,19.0,19.0,18.0,18.0,18.0,18.0,16.0,16.0,16.0,16.0,16.0,16.0,16.0,16.0,4.0,4.0,4.0,4.0,4.0,4.0,4.0,4.0
git/pacc_cpachecker/DyResults/Summary/s3_srvr.blast.16_false-unreach-call.i.cil.c.csv,5.0,5.0,5.0,5.0,5.0,5.0,5.0,5.0,5.0,5.0,5.0,5.0,5.0,5.0,5.0,5.0,5.0,5.0,5.0,5.0,5.0,5.0,5.0,5.0,4.0,4.0,4.0,4.0,4.0,4.0,4.0,4.0
git/pacc_cpachecker/DyResults/Summary/floppy2_true-unreach-call.i.cil.c.csv,518.0,357.0,362.0,358.0,40.0,141.0,141.0,141.0,40.0,142.0,142.0,141.0,8140.0,10394.0,3503.0,9751.0,324.0,533.0,241.0,296.0,463.0,566.0,397.0,395.0,260.0,67.0,30.0,26.0,1816.0,1784.0,3849.0,1211.0
git/pacc_cpachecker/DyResults/Summary/s3_srvr.blast.07_true-unreach-call.i.cil.c.csv,16.0,16.0,16.0,16.0,17.0,17.0,17.0,17.0,16.5,16.5,16.6,16.4,16.0,16.0,16.0,16.0,15.0,15.0,15.0,15.0,16.0,16.0,16.0,16.0,8.0,8.0,8.0,8.0,9.0,9.0,9.0,9.0
git/pacc_cpachecker/DyResults/Summary/s3_srvr.blast.03_false-unreach-call.i.cil.c.csv,3.0,3.0,3.0,3.0,3.0,3.0,3.0,3.0,3.0,3.0,3.0,3.0,3.0,3.0,3.0,3.0,3.0,3.0,3.0,3.0,3.0,3.0,3.0,3.0,2.0,2.0,2.0,2.0,2.0,2.0,2.0,2.0
git/pacc_cpachecker/DyResults/Summary/s3_srvr.blast.01_true-unreach-call.i.cil.c.csv,23.0,23.0,23.0,23.0,19.0,19.0,19.0,19.0,20.0,20.0,20.0,20.0,21.0,21.0,21.0,21.0,18.0,18.0,18.0,18.0,19.0,19.0,19.0,19.0,5.0,5.0,5.0,5.0,6.0,6.0,6.0,6.0
git/pacc_cpachecker/DyResults/Summary/s3_srvr.blast.12_true-unreach-call.i.cil.c.csv,18.0,18.0,18.0,18.0,18.0,18.0,18.0,18.0,19.0,19.0,19.0,19.0,17.0,17.0,17.0,17.0,17.0,17.0,17.0,17.0,18.0,18.0,18.0,18.0,5.0,5.0,5.0,5.0,5.0,5.0,5.0,5.0
git/pacc_cpachecker/DyResults/Summary/s3_clnt.blast.02_true-unreach-call.i.cil.c.csv,19.0,19.0,19.0,19.0,14.0,14.0,14.0,14.0,15.0,15.0,15.0,15.0,16.0,16.0,16.0,16.0,15.0,15.0,15.0,15.0,15.0,15.0,15.0,15.0,6.0,6.0,6.0,6.0,7.0,7.0,7.0,7.0
git/pacc_cpachecker/DyResults/Summary/cdaudio_false-unreach-call.i.cil.c.csv,461.5,430.5,426.111111111,424.111111111,455.5,424.0,416.0,416.777777778,457.5,427.2,424.9,22.0,3985.1,2707.7,3025.4,4613.9,2533.5,1722.7,1926.0,2943.22222222,3251.4,2187.3,2451.2,3755.22222222,146.5,117.285714286,117.2,117.375,657.125,226.2,441.75,445.0
git/pacc_cpachecker/DyResults/Summary/s3_clnt.blast.04_false-unreach-call.i.cil.c.csv,5.0,5.0,5.0,5.0,5.0,5.0,5.0,5.0,5.0,5.0,5.0,5.0,5.0,5.0,5.0,5.0,5.0,5.0,5.0,5.0,5.0,5.0,5.0,5.0,3.0,3.0,3.0,3.0,3.0,3.0,3.0,3.0
git/pacc_cpachecker/DyResults/Summary/s3_srvr.blast.16_true-unreach-call.i.cil.c.csv,22.0,22.0,22.0,22.0,21.3333333333,21.2222222222,21.3333333333,21.0,16.0,16.0,16.0,16.0,16.0,16.0,16.0,16.0,19.0,19.0,19.0,19.0,12.0,12.0,12.0,12.0,5.0,5.0,5.0,5.0,5.0,5.0,5.0,5.0
git/pacc_cpachecker/DyResults/Summary/s3_srvr.blast.15_false-unreach-call.i.cil.c.csv,9.0,9.0,9.0,9.0,9.0,9.0,9.0,9.0,9.0,9.0,9.0,9.0,9.0,9.0,9.0,9.0,9.0,9.0,9.0,9.0,9.0,9.0,9.0,9.0,4.0,4.0,4.0,4.0,6.0,6.0,6.0,6.0
